age,category,country
50,Automotive,United States of America
58,Technology,United States of America
73,Fashion & Retail,France
66,Technology,United States of America
91,Finance & Investments,United States of America
49,Technology,United States of America
48,Technology,United States of America
77,Technology,United States of America
66,Technology,United States of America
64,Diversified,India
59,Diversified,India
80,Media & Entertainment,United States of America
82,Telecom,Mexico
68,Fashion & Retail,France
37,Technology,United States of America
73,Fashion & Retail,United States of America
67,Food & Beverage,China
72,Fashion & Retail,United States of America
77,Fashion & Retail,United States of America
44,Finance & Investments,Singapore
86,Diversified,United States of America
59,Diversified,United States of America
86,Fashion & Retail,Spain
57,Technology,United States of America
38,Media & Entertainment,China
64,Media & Entertainment,Canada
84,Fashion & Retail,United States of America
82,Fashion & Retail,Germany
53,Automotive,China
51,Technology,United States of America
52,Logistics,France
85,Fashion & Retail,France
84,Logistics,Switzerland
50,Technology,China
57,Food & Beverage,Belgium
93,Diversified,Hong Kong
75,Finance & Investments,United States of America
94,Real Estate,Hong Kong
64,Diversified,United Kingdom
82,Food & Beverage,United States of America
86,Food & Beverage,United States of America
73,Fashion & Retail,United States of America
71,Fashion & Retail,United States of America
68,Metals & Mining,Mexico
68,Metals & Mining,Australia
76,Technology,India
83,Finance & Investments,United States of America
79,Manufacturing,China
76,Gambling & Casinos,United States of America
77,Food & Beverage,Austria
86,Fashion & Retail,Italy
53,Finance & Investments,United States of America
73,Fashion & Retail,Japan
50,Technology,China
59,Automotive,Germany
80,Healthcare,India
51,Service,China
56,Food & Beverage,China
30,Finance & Investments,Bahamas
76,Manufacturing,Japan
58,Automotive,China
51,Food & Beverage,France
81,Finance & Investments,Indonesia
89,Fashion & Retail,United States of America
40,Finance & Investments,
79,Metals & Mining,Chile
57,Technology,China
82,Manufacturing,Indonesia
66,Technology,United States of America
72,Finance & Investments,United States of America
60,Finance & Investments,United States of America
83,Healthcare,United States of America
64,Telecom,Japan
60,Finance & Investments,United States of America
91,Media & Entertainment,United States of America
55,Automotive,Germany
59,Technology,United States of America
55,Automotive,China
77,Finance & Investments,United States of America
67,Fashion & Retail,India
66,Food & Beverage,China
56,Automotive,China
86,Manufacturing,Germany
71,Fashion & Retail,Germany
40,Real Estate,China
65,Metals & Mining,Russia
55,Energy,China
71,Metals & Mining,United Kingdom
60,Metals & Mining,Australia
68,Healthcare,China
72,Metals & Mining,India
54,Metals & Mining,China
71,Healthcare,China
74,Fashion & Retail,Sweden
65,Finance & Investments,United States of America
61,Metals & Mining,Russia
76,Energy,United States of America
63,Healthcare,China
66,Manufacturing,China
75,Real Estate,Hong Kong
81,Logistics,Switzerland
64,Finance & Investments,United States of America
54,Finance & Investments,Czechia
82,Fashion & Retail,United States of America
54,Diversified,India
86,Finance & Investments,United States of America
35,Fashion & Retail,United States of America
58,Technology,United States of America
69,Manufacturing,United Kingdom
89,Real Estate,United States of America
55,Healthcare,China
59,Automotive,China
66,Healthcare,India
58,Automotive,China
82,Food & Beverage,Switzerland
71,Diversified,Monaco
42,Technology,Australia
58,Real Estate,China
67,Food & Beverage,United Kingdom
54,Finance & Investments,Switzerland
37,Technology,United Arab Emirates
42,Technology,Australia
92,Construction & Engineering,India
49,Metals & Mining,China
44,Technology,United States of America
92,Media & Entertainment,United States of America
63,Finance & Investments,India
64,Manufacturing,Nigeria
66,Energy,Russia
64,Telecom,India
58,Food & Beverage,China
70,Real Estate,Hong Kong
49,Fashion & Retail,Denmark
82,Diversified,Thailand
57,Finance & Investments,Hong Kong
73,Service,China
56,Metals & Mining,Russia
67,Real Estate,China
81,Technology,United States of America
54,Manufacturing,China
89,Real Estate,Australia
50,Technology,China
56,Healthcare,China
70,Technology,United States of America
92,Real Estate,Hong Kong
63,Energy,China
66,Fashion & Retail,Mexico
93,Diversified,Canada
84,Finance & Investments,United States of America
94,Manufacturing,Singapore
59,Manufacturing,China
77,Food & Beverage,Thailand
63,Finance & Investments,United States of America
77,Logistics,United Kingdom
72,Healthcare,Germany
72,Healthcare,Germany
57,Energy,United Kingdom
56,Energy,Thailand
98,Diversified,Hong Kong
52,Technology,China
74,Fashion & Retail,
93,Gambling & Casinos,Hong Kong
40,Technology,United States of America
73,Finance & Investments,United States of America
37,Technology,United States of America
68,Metals & Mining,Russia
62,Technology,United States of America
61,Manufacturing,Australia
42,Technology,China
69,Energy,China
54,Technology,United States of America
69,Energy,Russia
59,Healthcare,United States of America
50,Metals & Mining,Russia
43,Technology,China
82,Finance & Investments,United States of America
71,Technology,United States of America
54,Real Estate,Germany
75,Construction & Engineering,United States of America
74,Sports,United States of America
79,Sports,United States of America
80,Diversified,Malaysia
40,Technology,Singapore
71,Energy,Russia
48,Technology,China
66,Diversified,United Kingdom
74,Finance & Investments,Sweden
46,Finance & Investments,United States of America
65,Manufacturing,China
80,Fashion & Retail,Monaco
56,Finance & Investments,Russia
72,Food & Beverage,Brazil
70,Finance & Investments,United States of America
40,Technology,United States of America
79,Media & Entertainment,United States of America
56,Manufacturing,China
69,Finance & Investments,United States of America
79,Energy,United States of America
52,Technology,China
89,Finance & Investments,Colombia
66,Technology,United States of America
46,Technology,United States of America
77,Healthcare,Brazil
76,Technology,India
67,Food & Beverage,United Kingdom
62,Food & Beverage,United Kingdom
69,Food & Beverage,United Kingdom
57,Technology,China
31,Technology,United States of America
33,Technology,United States of America
93,Technology,United States of America
54,Technology,China
66,Finance & Investments,New Zealand
76,Metals & Mining,China
53,Energy,China
38,Technology,United States of America
74,Manufacturing,United Kingdom
65,Metals & Mining,Switzerland
56,Technology,South Korea
53,Diversified,South Korea
70,Service,China
73,Fashion & Retail,United States of America
54,Automotive,China
75,Finance & Investments,Monaco
75,Manufacturing,Germany
54,Telecom,France
78,Fashion & Retail,Germany
71,Fashion & Retail,South Africa
63,Real Estate,China
88,Food & Beverage,United States of America
83,Manufacturing,United States of America
55,Healthcare,China
90,Real Estate,India
76,Food & Beverage,China
59,Real Estate,China
69,Media & Entertainment,United States of America
57,Energy,China
92,Fashion & Retail,United States of America
76,Metals & Mining,South Africa
64,Automotive,United States of America
64,Manufacturing,China
91,Finance & Investments,United States of America
56,Manufacturing,China
56,Healthcare,Switzerland
60,Service,United States of America
74,Food & Beverage,Switzerland
68,Diversified,France
65,Diversified,France
57,Diversified,France
57,Technology,China
58,Fashion & Retail,China
71,Manufacturing,United States of America
58,Technology,Hong Kong
72,Food & Beverage,Canada
70,Finance & Investments,Sweden
80,Sports,United States of America
59,Diversified,Indonesia
72,Real Estate,Philippines
54,Food & Beverage,France
41,Food & Beverage,France
84,Diversified,Sweden
74,Manufacturing,Denmark
46,Manufacturing,Denmark
43,Manufacturing,Denmark
81,Real Estate,United States of America
38,Manufacturing,Denmark
57,Technology,United States of America
36,Media & Entertainment,United Kingdom
40,Media & Entertainment,United Kingdom
74,Real Estate,Hong Kong
71,Healthcare,India
70,Fashion & Retail,United States of America
57,Automotive,Germany
57,Manufacturing,China
61,Healthcare,China
78,Finance & Investments,United States of America
49,Fashion & Retail,United States of America
84,Finance & Investments,United States of America
55,Finance & Investments,United Kingdom
57,Food & Beverage,United States of America
61,Food & Beverage,United States of America
63,Food & Beverage,United States of America
65,Food & Beverage,United States of America
78,Technology,Germany
49,Diversified,Austria
73,Fashion & Retail,United States of America
87,Fashion & Retail,Italy
64,Fashion & Retail,India
51,Fashion & Retail,China
74,Media & Entertainment,United States of America
60,Energy,United Kingdom
65,Manufacturing,China
71,Media & Entertainment,Australia
65,Food & Beverage,China
79,Manufacturing,India
58,Fashion & Retail,China
53,Gambling & Casinos,Switzerland
78,Finance & Investments,United States of America
71,Healthcare,Switzerland
61,Construction & Engineering,Egypt
64,Food & Beverage,China
46,Manufacturing,Switzerland
71,Automotive,United States of America
53,Manufacturing,Switzerland
70,Finance & Investments,France
63,Energy,United States of America
58,Finance & Investments,South Korea
77,Energy,United States of America
71,Finance & Investments,United States of America
81,Media & Entertainment,United States of America
69,Finance & Investments,Switzerland
51,Media & Entertainment,United States of America
68,Diversified,Nigeria
80,Fashion & Retail,United States of America
67,Finance & Investments,United States of America
60,Finance & Investments,United States of America
67,Technology,United States of America
69,Healthcare,United States of America
78,Diversified,Sweden
80,Energy,Hong Kong
93,Manufacturing,Taiwan
74,Healthcare,Denmark
67,Healthcare,United States of America
93,Finance & Investments,Singapore
85,Diversified,Italy
79,Sports,United States of America
64,Manufacturing,China
68,Food & Beverage,United States of America
66,Food & Beverage,United States of America
37,Finance & Investments,United Kingdom
52,Technology,Hong Kong
53,Manufacturing,China
78,Technology,United States of America
53,Technology,China
71,Energy,United Kingdom
83,Real Estate,United Kingdom
80,Diversified,Monaco
64,Healthcare,South Korea
55,Diversified,Russia
72,Service,United States of America
86,Diversified,United States of America
71,Technology,Taiwan
55,Technology,China
67,Technology,United States of America
82,Fashion & Retail,United States of America
64,Finance & Investments,United States of America
89,Diversified,Brazil
77,Manufacturing,Hong Kong
61,Diversified,Nigeria
80,Food & Beverage,United States of America
87,Logistics,United States of America
88,Healthcare,India
68,Finance & Investments,United States of America
52,Finance & Investments,United States of America
48,Technology,South Korea
91,Real Estate,Israel
67,Healthcare,United States of America
61,Diversified,Mexico
90,Manufacturing,India
79,Technology,United States of America
84,Healthcare,France
62,Logistics,Philippines
59,Finance & Investments,United States of America
39,Finance & Investments,United States of America
58,Energy,United States of America
58,Telecom,Switzerland
39,Energy,United States of America
52,Energy,United States of America
60,Finance & Investments,United States of America
73,Real Estate,Hong Kong
79,Fashion & Retail,Switzerland
73,Manufacturing,Russia
55,Manufacturing,Monaco
60,Energy,United States of America
51,Manufacturing,China
65,Finance & Investments,United Kingdom
78,Energy,United States of America
54,Finance & Investments,United States of America
62,Technology,United States of America
55,Food & Beverage,Germany
36,Technology,Australia
52,Finance & Investments,United States of America
34,Technology,Australia
61,Manufacturing,China
60,Finance & Investments,United States of America
40,Finance & Investments,Brazil
75,Manufacturing,Germany
52,Food & Beverage,China
76,Technology,United States of America
67,Manufacturing,China
60,Fashion & Retail,Japan
51,Finance & Investments,United States of America
76,Technology,South Korea
57,Finance & Investments,United States of America
60,Manufacturing,China
69,Manufacturing,United Kingdom
57,Diversified,China
33,Technology,United States of America
58,Automotive,China
58,Food & Beverage,Mexico
57,Technology,United States of America
77,Finance & Investments,United States of America
53,Diversified,Vietnam
59,Finance & Investments,Poland
84,Real Estate,United States of America
95,Manufacturing,Israel
72,Telecom,United States of America
45,Technology,United States of America
58,Finance & Investments,China
77,Media & Entertainment,United States of America
31,Technology,United States of America
55,Diversified,China
57,Finance & Investments,United States of America
67,Technology,Singapore
59,Energy,Russia
70,Real Estate,Sweden
74,Fashion & Retail,United States of America
60,Real Estate,Norway
61,Sports,United States of America
80,Manufacturing,India
58,Healthcare,China
72,Technology,Taiwan
67,Technology,United States of America
92,Finance & Investments,Malaysia
28,Finance & Investments,Bahamas
53,Finance & Investments,Brazil
57,Finance & Investments,United States of America
61,Finance & Investments,India
86,Finance & Investments,United States of America
57,Finance & Investments,Germany
53,Fashion & Retail,Spain
71,Energy,United States of America
64,Finance & Investments,United States of America
65,Manufacturing,United States of America
69,Fashion & Retail,Germany
57,Fashion & Retail,Germany
58,Fashion & Retail,Austria
70,Fashion & Retail,Austria
58,Manufacturing,China
50,Manufacturing,China
73,Technology,United States of America
82,Real Estate,United States of America
70,Technology,United States of America
50,Real Estate,Switzerland
84,Fashion & Retail,United States of America
70,Energy,Germany
80,Real Estate,United States of America
76,Construction & Engineering,United Kingdom
74,Manufacturing,Germany
75,Media & Entertainment,Cayman Islands
88,Service,Netherlands
84,Telecom,Malaysia
65,Finance & Investments,United States of America
70,Fashion & Retail,Norway
60,Finance & Investments,United States of America
54,Technology,China
70,Healthcare,Hong Kong
59,Technology,United States of America
64,Food & Beverage,United States of America
77,Diversified,Indonesia
83,Real Estate,United States of America
50,Gambling & Casinos,Israel
58,Healthcare,Switzerland
70,Technology,United States of America
80,Technology,United States of America
76,Food & Beverage,Germany
58,Manufacturing,China
63,Metals & Mining,Russia
84,Real Estate,United States of America
78,Finance & Investments,United States of America
49,Fashion & Retail,United States of America
60,Food & Beverage,United States of America
65,Manufacturing,United Kingdom
62,Fashion & Retail,United States of America
64,Energy,Russia
80,Manufacturing,United States of America
45,Real Estate,Austria
87,Healthcare,United States of America
46,Manufacturing,China
66,Manufacturing,United Kingdom
78,Manufacturing,United States of America
95,Media & Entertainment,United States of America
80,Service,United States of America
71,Real Estate,Hong Kong
46,Energy,Czechia
79,Healthcare,Italy
85,Finance & Investments,Bahamas
53,Manufacturing,China
58,Food & Beverage,China
77,Manufacturing,Japan
63,Logistics,Norway
57,Technology,China
38,Fashion & Retail,China
71,Diversified,Taiwan
66,Fashion & Retail,United Arab Emirates
54,Gambling & Casinos,United Kingdom
71,Finance & Investments,United States of America
80,Healthcare,Switzerland
81,Technology,Germany
87,Diversified,Thailand
90,Fashion & Retail,Eswatini (Swaziland)
44,Media & Entertainment,Singapore
76,Healthcare,Switzerland
77,Service,United States of America
56,Healthcare,Germany
48,Gambling & Casinos,United Kingdom
59,Fashion & Retail,China
65,Fashion & Retail,Canada
51,Food & Beverage,Singapore
64,Media & Entertainment,United States of America
61,Finance & Investments,China
92,Diversified,Thailand
67,Food & Beverage,India
60,Manufacturing,Malaysia
54,Manufacturing,China
53,Manufacturing,China
80,Healthcare,Germany
77,Media & Entertainment,United States of America
62,Finance & Investments,Peru
79,Media & Entertainment,United States of America
64,Manufacturing,China
52,Technology,United States of America
74,Energy,United States of America
55,Finance & Investments,United States of America
81,Real Estate,China
67,Real Estate,United States of America
91,Diversified,Thailand
89,Finance & Investments,United States of America
58,Finance & Investments,United States of America
54,Technology,China
57,Fashion & Retail,Japan
79,Media & Entertainment,United States of America
76,Manufacturing,Switzerland
78,Food & Beverage,Algeria
69,Finance & Investments,Taiwan
64,Finance & Investments,Taiwan
73,Manufacturing,China
55,Manufacturing,China
64,Service,Israel
73,Fashion & Retail,Canada
71,Food & Beverage,United States of America
72,Food & Beverage,United States of America
47,Technology,United States of America
48,Manufacturing,China
66,Energy,Russia
75,Gambling & Casinos,Austria
63,Real Estate,China
60,Automotive,China
61,Metals & Mining,Kazakhstan
50,Technology,United States of America
78,Fashion & Retail,United States of America
68,Food & Beverage,United States of America
41,Technology,Canada
71,Finance & Investments,United States of America
44,Finance & Investments,United States of America
83,Energy,United States of America
54,Finance & Investments,United States of America
72,Finance & Investments,Taiwan
87,Healthcare,United States of America
57,Diversified,China
49,Fashion & Retail,China
50,Finance & Investments,United States of America
58,Finance & Investments,United States of America
55,Finance & Investments,United States of America
42,Finance & Investments,United States of America
81,Food & Beverage,United States of America
76,Construction & Engineering,Switzerland
63,Real Estate,Germany
54,Real Estate,Sweden
65,Finance & Investments,Taiwan
54,Healthcare,Switzerland
62,Manufacturing,Russia
59,Fashion & Retail,Brazil
59,Healthcare,China
66,Finance & Investments,Georgia
53,Food & Beverage,China
82,Food & Beverage,Switzerland
89,Finance & Investments,United States of America
59,Finance & Investments,United States of America
85,Food & Beverage,Canada
57,Technology,United States of America
41,Technology,China
59,Food & Beverage,China
64,Logistics,China
87,Diversified,Portugal
70,Finance & Investments,Italy
71,Diversified,British Virgin Islands
80,Technology,United States of America
65,Technology,Taiwan
62,Real Estate,China
69,Technology,United States of America
63,Media & Entertainment,United States of America
82,Healthcare,Germany
68,Technology,Switzerland
90,Logistics,United States of America
54,Finance & Investments,Taiwan
51,Logistics,China
55,Telecom,Hong Kong
66,Real Estate,India
79,Real Estate,United States of America
71,Automotive,United States of America
56,Metals & Mining,Russia
77,Logistics,United States of America
63,Food & Beverage,Turkey
61,Finance & Investments,China
49,Healthcare,United States of America
67,Food & Beverage,United States of America
69,Food & Beverage,United States of America
66,Food & Beverage,United States of America
77,Technology,Taiwan
80,Technology,United States of America
56,Finance & Investments,United Kingdom
97,Fashion & Retail,Japan
68,Manufacturing,United Kingdom
73,Technology,United States of America
66,Technology,China
60,Finance & Investments,United States of America
64,Finance & Investments,United States of America
67,Technology,Australia
59,Healthcare,China
57,Fashion & Retail,United Kingdom
78,Finance & Investments,United States of America
60,Food & Beverage,United States of America
48,Finance & Investments,United States of America
79,Finance & Investments,United States of America
55,Diversified,China
60,Diversified,Canada
96,Real Estate,United States of America
59,Fashion & Retail,India
70,Energy,United States of America
80,Finance & Investments,United States of America
68,Service,United States of America
62,Finance & Investments,United States of America
28,Food & Beverage,Norway
56,Healthcare,China
58,Manufacturing,Hong Kong
67,Food & Beverage,Czechia
82,Fashion & Retail,Italy
80,Media & Entertainment,United States of America
57,Fashion & Retail,Germany
58,Technology,China
89,Food & Beverage,United States of America
56,Finance & Investments,Russia
70,Real Estate,Hong Kong
35,Fashion & Retail,China
75,Technology,India
52,Manufacturing,China
67,Finance & Investments,Russia
50,Food & Beverage,Brazil
49,Food & Beverage,Brazil
88,Technology,United States of America
63,Real Estate,United States of America
62,Service,United States of America
69,Finance & Investments,Germany
57,Automotive,United States of America
70,Fashion & Retail,China
65,Manufacturing,Finland
93,Energy,United States of America
49,Media & Entertainment,China
81,Finance & Investments,United States of America
80,Automotive,India
61,Finance & Investments,United States of America
81,Fashion & Retail,United States of America
77,Finance & Investments,United States of America
61,Finance & Investments,United States of America
40,Media & Entertainment,China
61,Finance & Investments,United States of America
77,Real Estate,United States of America
55,Metals & Mining,Ukraine
78,Healthcare,Germany
84,Automotive,South Korea
75,Finance & Investments,United States of America
95,Healthcare,Switzerland
76,Automotive,Italy
67,Real Estate,Canada
55,Real Estate,United Kingdom
64,Finance & Investments,United Kingdom
81,Service,Switzerland
86,Media & Entertainment,United States of America
70,Manufacturing,Hong Kong
60,Finance & Investments,United States of America
85,Sports,United States of America
66,Healthcare,India
39,Food & Beverage,United States of America
62,Manufacturing,Switzerland
81,Diversified,Australia
63,Healthcare,United States of America
66,Finance & Investments,United States of America
74,Technology,United States of America
54,Food & Beverage,Mexico
63,Construction & Engineering,Spain
56,Technology,Czechia
67,Technology,India
94,Diversified,Canada
51,Service,South Korea
82,Real Estate,Hong Kong
63,Technology,United States of America
52,Technology,United States of America
57,Manufacturing,China
89,Diversified,Brazil
91,Diversified,Brazil
67,Media & Entertainment,United States of America
67,Telecom,Italy
72,Automotive,United States of America
76,Service,United States of America
51,Food & Beverage,United States of America
53,Healthcare,China
68,Metals & Mining,United Kingdom
54,Energy,Thailand
76,Fashion & Retail,Italy
68,Service,United States of America
87,Gambling & Casinos,Germany
66,Healthcare,China
44,Automotive,China
78,Fashion & Retail,Germany
71,Fashion & Retail,Germany
92,Energy,Canada
40,Finance & Investments,Sweden
81,Finance & Investments,France
80,Manufacturing,Hong Kong
42,Technology,United States of America
58,Healthcare,France
53,Finance & Investments,United States of America
88,Technology,Germany
78,Fashion & Retail,Japan
61,Finance & Investments,United States of America
69,Healthcare,India
66,Finance & Investments,United States of America
72,Fashion & Retail,Italy
59,Service,United States of America
72,Fashion & Retail,Spain
72,Finance & Investments,United States of America
68,Food & Beverage,United States of America
42,Technology,Canada
57,Sports,United States of America
74,Healthcare,Poland
66,Energy,United States of America
82,Finance & Investments,United States of America
40,Finance & Investments,United States of America
40,Finance & Investments,United States of America
71,Sports,United States of America
56,Technology,China
82,Media & Entertainment,Germany
79,Construction & Engineering,Italy
40,Automotive,China
66,Finance & Investments,United States of America
59,Gambling & Casinos,United States of America
67,Healthcare,Switzerland
54,Finance & Investments,China
82,Logistics,Hong Kong
87,Real Estate,United States of America
70,Food & Beverage,United States of America
72,Healthcare,China
64,Manufacturing,China
75,Sports,United States of America
72,Finance & Investments,United States of America
71,Manufacturing,India
74,Manufacturing,India
53,Food & Beverage,Italy
68,Fashion & Retail,United States of America
65,Manufacturing,Italy
55,Finance & Investments,Kazakhstan
54,Finance & Investments,Kazakhstan
82,Fashion & Retail,France
58,Finance & Investments,United States of America
59,Food & Beverage,Switzerland
75,Finance & Investments,United States of America
63,Telecom,Ireland
58,Real Estate,United States of America
54,Gambling & Casinos,United States of America
79,Healthcare,Italy
64,Healthcare,India
73,Real Estate,Israel
78,Food & Beverage,Germany
56,Technology,China
86,Manufacturing,China
75,Finance & Investments,United States of America
73,Energy,United States of America
55,Fashion & Retail,China
85,Healthcare,Italy
84,Manufacturing,France
61,Media & Entertainment,United States of America
85,Media & Entertainment,United States of America
65,Logistics,United States of America
70,Fashion & Retail,Germany
61,Fashion & Retail,United States of America
76,Real Estate,United States of America
58,Automotive,China
73,Energy,Indonesia
85,Real Estate,Japan
61,Service,United States of America
87,Finance & Investments,United States of America
89,Finance & Investments,United States of America
53,Food & Beverage,China
43,Finance & Investments,South Korea
75,Media & Entertainment,United States of America
60,Manufacturing,Hong Kong
82,Service,France
40,Technology,India
75,Manufacturing,China
70,Real Estate,United States of America
66,Finance & Investments,Cayman Islands
76,Finance & Investments,Switzerland
55,Technology,United States of America
83,Service,Spain
72,Sports,United States of America
60,Healthcare,China
79,Finance & Investments,United States of America
84,Food & Beverage,United States of America
58,Metals & Mining,Russia
58,Metals & Mining,Switzerland
60,Metals & Mining,Switzerland
75,Sports,United States of America
58,Manufacturing,China
76,Metals & Mining,Chile
57,Finance & Investments,United States of America
81,Real Estate,India
76,Finance & Investments,United States of America
59,Diversified,China
75,Diversified,China
81,Real Estate,United States of America
50,Manufacturing,Germany
79,Logistics,Hong Kong
73,Fashion & Retail,China
66,Food & Beverage,China
60,Fashion & Retail,China
63,Manufacturing,China
83,Food & Beverage,Bermuda
83,Manufacturing,Mexico
60,Diversified,Sweden
53,Diversified,Sweden
52,Manufacturing,China
62,Finance & Investments,Spain
57,Manufacturing,Australia
72,Manufacturing,China
62,Sports,United States of America
72,Manufacturing,Singapore
51,Fashion & Retail,United States of America
48,Diversified,South Korea
46,Service,China
70,Sports,United States of America
72,Food & Beverage,United States of America
86,Energy,Hong Kong
35,Technology,United States of America
77,Media & Entertainment,Israel
83,Technology,Japan
66,Fashion & Retail,Italy
83,Energy,United States of America
53,Technology,Israel
69,Technology,United States of America
87,Real Estate,United States of America
79,Media & Entertainment,Germany
60,Real Estate,China
80,Food & Beverage,Switzerland
58,Food & Beverage,United States of America
60,Automotive,China
52,Manufacturing,China
74,Construction & Engineering,France
79,Energy,United States of America
86,Food & Beverage,United States of America
38,Media & Entertainment,China
60,Finance & Investments,United States of America
45,Finance & Investments,United States of America
92,Manufacturing,United States of America
48,Finance & Investments,United States of America
54,Technology,China
95,Finance & Investments,United States of America
83,Fashion & Retail,Switzerland
45,Media & Entertainment,United States of America
59,Technology,United States of America
65,Finance & Investments,United States of America
67,Food & Beverage,United States of America
56,Finance & Investments,Indonesia
46,Service,China
66,Technology,India
71,Technology,United States of America
89,Healthcare,Thailand
70,Fashion & Retail,China
71,Food & Beverage,United States of America
63,Food & Beverage,United States of America
86,Finance & Investments,United States of America
67,Telecom,Egypt
57,Metals & Mining,Czechia
58,Manufacturing,United States of America
65,Technology,United States of America
53,Technology,United States of America
78,Healthcare,Hong Kong
73,Healthcare,China
48,Finance & Investments,United States of America
81,Manufacturing,India
49,Fashion & Retail,Poland
51,Food & Beverage,United States of America
64,Finance & Investments,China
94,Fashion & Retail,Canada
58,Technology,Germany
67,Food & Beverage,Brazil
81,Real Estate,Canada
87,Real Estate,Australia
78,Healthcare,China
70,Fashion & Retail,United Arab Emirates
63,Manufacturing,United States of America
66,Manufacturing,United States of America
65,Manufacturing,United States of America
72,Fashion & Retail,Brazil
65,Healthcare,China
72,Fashion & Retail,Taiwan
62,Manufacturing,United States of America
69,Healthcare,India
60,Metals & Mining,South Africa
55,Fashion & Retail,Germany
49,Fashion & Retail,Germany
43,Fashion & Retail,Germany
70,Real Estate,Hong Kong
74,Real Estate,United States of America
87,Fashion & Retail,Chile
78,Diversified,Indonesia
74,Technology,United States of America
58,Media & Entertainment,Germany
78,Food & Beverage,India
80,Gambling & Casinos,United States of America
53,Manufacturing,China
55,Manufacturing,Canada
56,Technology,China
59,Manufacturing,China
42,Technology,Australia
69,Healthcare,China
90,Finance & Investments,Thailand
78,Technology,United States of America
79,Food & Beverage,Australia
86,Manufacturing,Italy
54,Fashion & Retail,Russia
39,Automotive,United States of America
71,Construction & Engineering,Canada
60,Food & Beverage,United States of America
86,Finance & Investments,United States of America
55,Telecom,United States of America
68,Finance & Investments,United Kingdom
59,Gambling & Casinos,Hong Kong
58,Finance & Investments,Switzerland
56,Real Estate,Hong Kong
81,Finance & Investments,Taiwan
66,Telecom,Lebanon
77,Telecom,Lebanon
78,Automotive,United States of America
51,Real Estate,India
63,Real Estate,United States of America
75,Healthcare,Brazil
47,Technology,United States of America
62,Finance & Investments,United States of America
57,Telecom,Japan
40,Finance & Investments,Sweden
45,Finance & Investments,United States of America
45,Finance & Investments,United States of America
73,Real Estate,Hong Kong
61,Manufacturing,Vietnam
72,Diversified,China
69,Telecom,United Kingdom
86,Service,United Kingdom
78,Automotive,Switzerland
62,Food & Beverage,Italy
57,Technology,United States of America
60,Real Estate,Canada
74,Construction & Engineering,Switzerland
75,Finance & Investments,United Kingdom
43,Technology,South Korea
49,Manufacturing,China
64,Diversified,China
51,Diversified,China
70,Food & Beverage,India
58,Healthcare,India
67,Healthcare,India
68,Automotive,India
51,Diversified,Vietnam
75,Manufacturing,India
50,Finance & Investments,Switzerland
77,Media & Entertainment,United States of America
47,Finance & Investments,United States of America
70,Service,Germany
65,Healthcare,United States of America
62,Real Estate,United States of America
64,Gambling & Casinos,United States of America
41,Media & Entertainment,Singapore
51,Technology,China
56,Technology,China
55,Finance & Investments,United States of America
51,Manufacturing,Switzerland
87,Manufacturing,United States of America
65,Technology,Switzerland
67,Logistics,Taiwan
59,Fashion & Retail,United States of America
51,Logistics,South Korea
91,Sports,United Kingdom
78,Technology,Israel
67,Healthcare,Germany
81,Fashion & Retail,Austria
61,Manufacturing,Hong Kong
89,Food & Beverage,United States of America
56,Technology,China
53,Food & Beverage,China
53,Technology,United States of America
61,Telecom,United Kingdom
66,Fashion & Retail,Japan
78,Diversified,India
64,Automotive,India
60,Fashion & Retail,Italy
68,Media & Entertainment,Indonesia
84,Healthcare,Germany
62,Fashion & Retail,Switzerland
56,Manufacturing,Austria
75,Real Estate,United States of America
71,Technology,Taiwan
68,Food & Beverage,United States of America
73,Metals & Mining,Mexico
35,Media & Entertainment,China
58,Energy,China
87,Food & Beverage,China
71,Healthcare,China
57,Finance & Investments,United States of America
74,Media & Entertainment,United States of America
49,Finance & Investments,Hong Kong
56,Real Estate,China
84,Real Estate,United States of America
80,Finance & Investments,Spain
62,Finance & Investments,United Kingdom
49,Media & Entertainment,South Korea
47,Manufacturing,Switzerland
70,Construction & Engineering,United States of America
65,Healthcare,Germany
60,Real Estate,United States of America
64,Real Estate,Vietnam
64,Healthcare,China
54,Food & Beverage,China
50,Technology,United States of America
66,Finance & Investments,United States of America
62,Energy,United Kingdom
66,Real Estate,United States of America
58,Fashion & Retail,China
84,Finance & Investments,United States of America
74,Construction & Engineering,China
82,Service,United States of America
70,Finance & Investments,United States of America
45,Technology,Czechia
58,Technology,China
53,Technology,Sweden
85,Fashion & Retail,United States of America
85,Automotive,United States of America
45,Technology,United States of America
56,Finance & Investments,Hong Kong
54,Technology,Netherlands
59,Technology,China
62,Manufacturing,Singapore
65,Media & Entertainment,Poland
65,Finance & Investments,United States of America
66,Manufacturing,China
66,Technology,United States of America
75,Fashion & Retail,Japan
73,Fashion & Retail,United States of America
60,Healthcare,China
54,Energy,China
51,Automotive,China
52,Media & Entertainment,South Korea
56,Energy,China
58,Manufacturing,China
61,Fashion & Retail,China
76,Finance & Investments,Brazil
50,Technology,United States of America
73,Fashion & Retail,United States of America
76,Fashion & Retail,United States of America
77,Fashion & Retail,United States of America
53,Finance & Investments,United States of America
55,Finance & Investments,United States of America
52,Food & Beverage,
64,Healthcare,Brazil
44,Healthcare,Germany
43,Technology,United States of America
70,Manufacturing,China
56,Real Estate,China
77,Fashion & Retail,United States of America
81,Healthcare,Switzerland
67,Technology,India
52,Healthcare,China
76,Food & Beverage,United States of America
57,Finance & Investments,Switzerland
77,Automotive,India
54,Finance & Investments,Switzerland
79,Real Estate,United States of America
67,Real Estate,United States of America
73,Finance & Investments,United States of America
54,Manufacturing,China
72,Fashion & Retail,United States of America
45,Technology,United States of America
76,Real Estate,United States of America
51,Technology,United States of America
81,Diversified,Singapore
36,Real Estate,Hong Kong
77,Real Estate,United Kingdom
47,Technology,United States of America
61,Real Estate,Hong Kong
75,Real Estate,Taiwan
94,Service,Switzerland
83,Finance & Investments,Netherlands
67,Fashion & Retail,United Kingdom
79,Manufacturing,Ireland
68,Diversified,France
57,Fashion & Retail,Hong Kong
42,Technology,United States of America
83,Real Estate,United States of America
86,Energy,Argentina
72,Finance & Investments,Chile
78,Finance & Investments,United States of America
67,Technology,United States of America
56,Technology,United States of America
76,Manufacturing,Italy
70,Finance & Investments,Canada
66,Technology,United States of America
59,Real Estate,China
72,Manufacturing,China
69,Diversified,Philippines
70,Diversified,Philippines
62,Service,United States of America
84,Logistics,Hong Kong
64,Metals & Mining,Kazakhstan
73,Manufacturing,China
60,Finance & Investments,Switzerland
57,Manufacturing,Hong Kong
65,Metals & Mining,Singapore
87,Manufacturing,China
59,Healthcare,China
55,Technology,China
52,Real Estate,United States of America
80,Manufacturing,United States of America
61,Technology,Czechia
45,Media & Entertainment,Germany
84,Fashion & Retail,Italy
86,Fashion & Retail,Italy
56,Technology,United States of America
84,Energy,United States of America
84,Food & Beverage,India
90,Technology,Taiwan
54,Finance & Investments,China
63,Finance & Investments,South Korea
81,Finance & Investments,Canada
75,Real Estate,United States of America
85,Fashion & Retail,Brazil
78,Food & Beverage,Ireland
61,Metals & Mining,China
58,Manufacturing,China
74,Diversified,Mexico
66,Manufacturing,India
65,Real Estate,United States of America
68,Finance & Investments,Spain
56,Healthcare,China
75,Food & Beverage,United States of America
75,Diversified,Sweden
57,Metals & Mining,Switzerland
68,Finance & Investments,United States of America
69,Real Estate,United Arab Emirates
60,Manufacturing,Taiwan
53,Technology,United States of America
72,Fashion & Retail,Singapore
56,Manufacturing,China
46,Technology,China
68,Fashion & Retail,Spain
71,Finance & Investments,Hong Kong
58,Healthcare,United Kingdom
56,Healthcare,United Kingdom
58,Technology,India
89,Automotive,United States of America
84,Finance & Investments,United States of America
74,Gambling & Casinos,Cambodia
62,Finance & Investments,United States of America
54,Manufacturing,Italy
51,Healthcare,China
60,Manufacturing,India
72,Energy,Brazil
60,Sports,United States of America
53,Sports,United States of America
90,Fashion & Retail,United States of America
69,Finance & Investments,United States of America
63,Manufacturing,India
55,Fashion & Retail,Russia
67,Real Estate,Singapore
69,Manufacturing,China
52,Healthcare,China
79,Automotive,China
64,Automotive,India
66,Diversified,Monaco
60,Manufacturing,Germany
63,Manufacturing,United States of America
79,Finance & Investments,United States of America
68,Construction & Engineering,United Arab Emirates
62,Finance & Investments,United States of America
62,Finance & Investments,Switzerland
45,Food & Beverage,United States of America
65,Automotive,India
65,Technology,United States of America
66,Diversified,Philippines
65,Diversified,Philippines
70,Diversified,Indonesia
53,Construction & Engineering,China
64,Food & Beverage,Israel
68,Media & Entertainment,United States of America
55,Manufacturing,China
83,Diversified,Oman
59,Media & Entertainment,United States of America
55,Diversified,United Kingdom
90,Food & Beverage,Canada
73,Fashion & Retail,United States of America
69,Finance & Investments,Thailand
78,Finance & Investments,United States of America
71,Diversified,India
65,Fashion & Retail,Canada
66,Construction & Engineering,Spain
77,Finance & Investments,United States of America
80,Diversified,India
73,Diversified,India
71,Diversified,India
61,Diversified,India
65,Fashion & Retail,Norway
72,Real Estate,United States of America
57,Technology,China
73,Construction & Engineering,India
69,Finance & Investments,Guernsey
65,Technology,Canada
47,Automotive,China
68,Technology,Taiwan
54,Manufacturing,China
63,Manufacturing,Thailand
74,Diversified,Egypt
87,Food & Beverage,India
47,Finance & Investments,United States of America
64,Fashion & Retail,China
75,Healthcare,Switzerland
91,Automotive,India
45,Fashion & Retail,India
98,Finance & Investments,United States of America
70,Diversified,India
70,Food & Beverage,China
64,Manufacturing,United States of America
76,Technology,China
76,Healthcare,United States of America
90,Healthcare,India
51,Technology,United States of America
59,Fashion & Retail,South Korea
80,Service,United States of America
46,Finance & Investments,Germany
58,Technology,China
56,Logistics,China
48,Manufacturing,China
56,Healthcare,China
51,Technology,China
63,Healthcare,India
85,Real Estate,United States of America
76,Energy,United States of America
69,Healthcare,India
74,Healthcare,India
77,Real Estate,Taiwan
56,Technology,China
61,Telecom,South Korea
68,Real Estate,Singapore
52,Gambling & Casinos,United Kingdom
59,Food & Beverage,United States of America
56,Technology,United States of America
39,Technology,Sweden
60,Fashion & Retail,United States of America
65,Healthcare,France
84,Diversified,United States of America
38,Diversified,Switzerland
57,Healthcare,Hong Kong
70,Manufacturing,Germany
32,Technology,United States of America
19,Fashion & Retail,
50,Technology,China
68,Finance & Investments,Singapore
68,Food & Beverage,United States of America
56,Media & Entertainment,India
68,Finance & Investments,Brazil
67,Diversified,India
95,Healthcare,Argentina
72,Food & Beverage,United States of America
58,Diversified,Turkey
69,Food & Beverage,United States of America
77,Healthcare,Switzerland
74,Manufacturing,India
62,Food & Beverage,United States of America
68,Technology,Indonesia
62,Diversified,Philippines
71,Diversified,Philippines
76,Real Estate,Japan
88,Fashion & Retail,Hong Kong
49,Healthcare,United States of America
72,Fashion & Retail,Sweden
69,Finance & Investments,Taiwan
34,Finance & Investments,Kazakhstan
49,Food & Beverage,United States of America
77,Automotive,Germany
34,Technology,United States of America
56,Technology,United States of America
67,Diversified,China
69,Real Estate,China
58,Energy,China
54,Metals & Mining,United Kingdom
69,Media & Entertainment,South Africa
90,Gambling & Casinos,United States of America
72,Fashion & Retail,United States of America
69,Food & Beverage,India
63,Finance & Investments,Singapore
73,Food & Beverage,India
60,Healthcare,South Korea
52,Manufacturing,Hong Kong
78,Manufacturing,Netherlands
71,Food & Beverage,United States of America
80,Energy,United States of America
62,Finance & Investments,United States of America
73,Media & Entertainment,United States of America
57,Metals & Mining,Russia
50,Healthcare,Monaco
72,Technology,Canada
60,Finance & Investments,United States of America
70,Fashion & Retail,United Kingdom
85,Healthcare,India
63,Fashion & Retail,United States of America
82,Technology,Germany
51,Finance & Investments,Vietnam
79,Diversified,Taiwan
54,Construction & Engineering,Turkey
58,Real Estate,China
51,Healthcare,United States of America
39,Real Estate,Hong Kong
62,Manufacturing,United States of America
75,Food & Beverage,France
77,Fashion & Retail,Australia
39,Technology,China
57,Manufacturing,China
76,Food & Beverage,Thailand
81,Food & Beverage,United States of America
89,Fashion & Retail,Germany
98,Food & Beverage,United States of America
72,Energy,Brazil
80,Real Estate,Sweden
59,Manufacturing,Australia
60,Manufacturing,China
75,Fashion & Retail,Germany
74,Finance & Investments,Switzerland
76,Metals & Mining,China
59,Diversified,China
72,Food & Beverage,China
51,Media & Entertainment,United States of America
83,Media & Entertainment,United States of America
83,Real Estate,United States of America
55,Energy,China
54,Food & Beverage,China
64,Healthcare,Liechtenstein
72,Manufacturing,China
52,Logistics,China
76,Finance & Investments,Turks and Caicos Islands
30,Technology,United States of America
62,Fashion & Retail,Bahamas
49,Finance & Investments,United States of America
57,Healthcare,China
74,Manufacturing,India
68,Diversified,China
58,Healthcare,China
31,Technology,United States of America
71,Metals & Mining,Singapore
85,Healthcare,United States of America
63,Finance & Investments,United States of America
46,Metals & Mining,United Kingdom
60,Fashion & Retail,Germany
71,Fashion & Retail,Spain
61,Real Estate,United States of America
66,Finance & Investments,United States of America
56,Technology,Israel
30,Real Estate,Hong Kong
81,Finance & Investments,France
49,Technology,Hong Kong
56,Real Estate,China
54,Diversified,China
81,Real Estate,Taiwan
60,Energy,China
53,Metals & Mining,China
53,Food & Beverage,United States of America
75,Finance & Investments,United States of America
72,Telecom,United States of America
76,Sports,United States of America
42,Technology,China
65,Finance & Investments,United States of America
45,Metals & Mining,Australia
35,Metals & Mining,Australia
55,Diversified,Turkey
67,Technology,India
54,Finance & Investments,Russia
47,Finance & Investments,United States of America
68,Technology,China
52,Energy,Singapore
55,Fashion & Retail,Germany
45,Finance & Investments,United States of America
52,Technology,Netherlands
76,Real Estate,Australia
36,Metals & Mining,United States of America
55,Fashion & Retail,China
81,Manufacturing,United States of America
45,Energy,China
93,Fashion & Retail,United Kingdom
74,Diversified,Qatar
56,Real Estate,Japan
46,Fashion & Retail,Russia
65,Energy,United States of America
81,Automotive,Italy
60,Technology,United States of America
69,Finance & Investments,United Kingdom
51,Manufacturing,China
51,Manufacturing,China
61,Metals & Mining,China
86,Technology,Taiwan
36,Finance & Investments,United States of America
71,Finance & Investments,Ireland
33,Finance & Investments,United States of America
46,Finance & Investments,Italy
77,Real Estate,Australia
63,Healthcare,China
84,Logistics,Australia
64,Fashion & Retail,United States of America
88,Energy,United States of America
77,Healthcare,United States of America
64,Diversified,India
91,Finance & Investments,Australia
55,Real Estate,Switzerland
77,Automotive,Israel
82,Fashion & Retail,Australia
54,Technology,United States of America
57,Healthcare,China
79,Finance & Investments,United States of America
75,Logistics,Japan
67,Diversified,Singapore
47,Fashion & Retail,China
86,Diversified,Malaysia
54,Technology,South Korea
67,Diversified,Thailand
65,Manufacturing,China
46,Metals & Mining,China
60,Energy,United States of America
62,Finance & Investments,Israel
50,Real Estate,Sweden
68,Technology,Japan
68,Metals & Mining,Australia
64,Manufacturing,India
83,Manufacturing,India
51,Technology,China
65,Manufacturing,China
95,Healthcare,United States of America
72,Finance & Investments,Indonesia
55,Manufacturing,China
74,Healthcare,United States of America
73,Real Estate,China
69,Diversified,Philippines
72,Diversified,Singapore
61,Technology,United States of America
64,Service,United Arab Emirates
56,Real Estate,India
90,Fashion & Retail,China
65,Fashion & Retail,China
72,Finance & Investments,Taiwan
57,Manufacturing,China
51,Healthcare,United States of America
58,Manufacturing,China
56,Manufacturing,China
39,Technology,China
53,Manufacturing,Canada
47,Technology,China
97,Food & Beverage,United States of America
61,Diversified,Morocco
48,Technology,United Kingdom
68,Food & Beverage,Philippines
45,Finance & Investments,Brazil
86,Finance & Investments,Brazil
27,Technology,United States of America
43,Manufacturing,China
80,Automotive,United States of America
61,Energy,Hong Kong
61,Technology,United States of America
68,Fashion & Retail,Italy
49,Diversified,United Kingdom
52,Diversified,United Kingdom
64,Finance & Investments,United States of America
61,Diversified,United States of America
65,Diversified,United States of America
77,Healthcare,United States of America
87,Food & Beverage,Monaco
59,Manufacturing,China
65,Finance & Investments,Canada
42,Technology,United States of America
55,Real Estate,China
61,Fashion & Retail,South Korea
52,Finance & Investments,Kazakhstan
74,Manufacturing,Malaysia
50,Healthcare,Switzerland
36,Finance & Investments,United States of America
76,Finance & Investments,United States of America
78,Finance & Investments,United States of America
71,Finance & Investments,Canada
53,Food & Beverage,China
70,Gambling & Casinos,Malaysia
68,Media & Entertainment,Brazil
66,Media & Entertainment,Brazil
74,Media & Entertainment,Brazil
56,Technology,United States of America
88,Fashion & Retail,Hong Kong
74,Fashion & Retail,United States of America
75,Construction & Engineering,Spain
71,Finance & Investments,United States of America
68,Service,United States of America
64,Healthcare,India
75,Food & Beverage,United States of America
86,Manufacturing,China
87,Diversified,United States of America
69,Manufacturing,India
80,Automotive,Germany
56,Food & Beverage,China
74,Energy,China
94,Manufacturing,Taiwan
72,Finance & Investments,United Arab Emirates
54,Logistics,Russia
66,Fashion & Retail,Germany
75,Finance & Investments,Thailand
61,Media & Entertainment,United States of America
62,Fashion & Retail,China
67,Manufacturing,China
65,Manufacturing,China
44,Fashion & Retail,United States of America
50,Technology,United States of America
48,Technology,China
49,Technology,China
49,Real Estate,China
72,Fashion & Retail,Hong Kong
51,Healthcare,China
79,Construction & Engineering,India
65,Fashion & Retail,India
72,Diversified,Turkey
52,Manufacturing,China
49,Food & Beverage,India
82,Energy,Indonesia
78,Diversified,United Kingdom
81,Fashion & Retail,Italy
77,Energy,Uruguay
70,Service,Mexico
75,Food & Beverage,Brazil
59,Construction & Engineering,Spain
62,Finance & Investments,United States of America
73,Automotive,France
68,Food & Beverage,China
80,Finance & Investments,United States of America
74,Fashion & Retail,Switzerland
68,Manufacturing,China
80,Finance & Investments,Mexico
69,Real Estate,China
63,Media & Entertainment,China
74,Automotive,United States of America
71,Real Estate,Thailand
42,Technology,South Korea
46,Finance & Investments,South Korea
61,Metals & Mining,Russia
70,Real Estate,Hong Kong
69,Healthcare,China
60,Real Estate,United States of America
55,Real Estate,China
46,Finance & Investments,Kazakhstan
46,Technology,Japan
40,Diversified,Sweden
67,Real Estate,China
87,Diversified,Italy
62,Diversified,Brazil
59,Finance & Investments,Russia
58,Food & Beverage,Vietnam
74,Finance & Investments,Singapore
72,Diversified,Turkey
56,Media & Entertainment,Australia
52,Technology,China
61,Metals & Mining,Ukraine
57,Logistics,Russia
60,Real Estate,China
52,Finance & Investments,United States of America
80,Construction & Engineering,United States of America
48,Healthcare,China
48,Technology,China
51,Healthcare,India
56,Healthcare,India
72,Fashion & Retail,Indonesia
72,Manufacturing,China
74,Real Estate,France
68,Manufacturing,Germany
55,Finance & Investments,United Kingdom
56,Media & Entertainment,China
66,Real Estate,China
81,Manufacturing,Taiwan
53,Manufacturing,China
63,Food & Beverage,China
63,Technology,China
71,Manufacturing,China
48,Technology,United States of America
78,Sports,United States of America
51,Metals & Mining,Russia
73,Diversified,Chile
51,Fashion & Retail,Australia
53,Media & Entertainment,South Korea
57,Finance & Investments,United States of America
48,Technology,South Korea
54,Energy,China
46,Logistics,China
70,Healthcare,China
51,Technology,China
61,Finance & Investments,United Kingdom
64,Finance & Investments,United States of America
67,Media & Entertainment,Netherlands
52,Finance & Investments,Brazil
59,Manufacturing,Turkey
64,Energy,United States of America
77,Sports,United States of America
74,Media & Entertainment,Japan
73,Healthcare,China
69,Fashion & Retail,India
43,Technology,United States of America
44,Healthcare,Switzerland
79,Food & Beverage,United States of America
72,Fashion & Retail,Brazil
80,Manufacturing,India
57,Finance & Investments,United States of America
77,Technology,United States of America
61,Manufacturing,China
48,Manufacturing,China
88,Media & Entertainment,United States of America
68,Manufacturing,China
89,Finance & Investments,Canada
96,Finance & Investments,Canada
100,Finance & Investments,United States of America
41,Fashion & Retail,United States of America
44,Finance & Investments,Poland
59,Finance & Investments,United States of America
61,Finance & Investments,United States of America
72,Finance & Investments,South Africa
55,Manufacturing,Germany
59,Manufacturing,Germany
62,Manufacturing,Germany
69,Construction & Engineering,Austria
58,Manufacturing,China
72,Real Estate,Canada
80,Real Estate,United States of America
56,Healthcare,France
73,Healthcare,United States of America
76,Technology,Canada
75,Diversified,Brazil
60,Diversified,Brazil
65,Finance & Investments,Brazil
65,Manufacturing,China
68,Finance & Investments,Israel
74,Manufacturing,India
55,Healthcare,United States of America
60,Media & Entertainment,Canada
37,Fashion & Retail,China
72,Technology,United States of America
79,Fashion & Retail,India
75,Media & Entertainment,Thailand
86,Sports,United States of America
92,Diversified,Indonesia
88,Manufacturing,India
63,Technology,United States of America
64,Finance & Investments,United States of America
62,Fashion & Retail,China
43,Food & Beverage,Germany
68,Energy,Switzerland
77,Service,China
79,Food & Beverage,United States of America
48,Manufacturing,China
52,Healthcare,China
79,Gambling & Casinos,United States of America
59,Manufacturing,China
52,Automotive,China
57,Manufacturing,China
59,Manufacturing,China
74,Metals & Mining,China
59,Healthcare,United States of America
66,Energy,Russia
50,Finance & Investments,United States of America
42,Technology,United States of America
78,Diversified,Israel
53,Fashion & Retail,
49,Fashion & Retail,Austria
40,Technology,United States of America
76,Finance & Investments,United States of America
88,Food & Beverage,Germany
45,Food & Beverage,United Arab Emirates
70,Technology,China
86,Real Estate,Taiwan
70,Diversified,Thailand
54,Real Estate,Slovakia
56,Food & Beverage,Spain
74,Healthcare,Brazil
67,Logistics,France
54,Metals & Mining,Russia
52,Automotive,China
52,Healthcare,United States of America
77,Automotive,United States of America
67,Finance & Investments,Switzerland
77,Logistics,Malaysia
48,Technology,China
72,Real Estate,Thailand
50,Manufacturing,South Korea
59,Metals & Mining,China
59,Sports,United States of America
53,Service,Russia
55,Media & Entertainment,South Korea
44,Diversified,South Korea
67,Diversified,United Kingdom
81,Construction & Engineering,South Korea
77,Healthcare,United States of America
49,Manufacturing,China
45,Technology,China
45,Manufacturing,China
58,Food & Beverage,United States of America
42,Diversified,Sweden
66,Diversified,India
78,Food & Beverage,Australia
94,Diversified,United States of America
65,Manufacturing,India
69,Fashion & Retail,Italy
72,Fashion & Retail,Spain
79,Finance & Investments,United States of America
72,Real Estate,United States of America
68,Fashion & Retail,Italy
76,Fashion & Retail,Italy
64,Healthcare,India
34,Fashion & Retail,United States of America
70,Construction & Engineering,Russia
76,Manufacturing,Germany
48,Manufacturing,China
67,Manufacturing,China
81,Healthcare,India
67,Fashion & Retail,United States of America
58,Manufacturing,China
50,Manufacturing,Thailand
63,Finance & Investments,United States of America
50,Real Estate,Czechia
49,Technology,India
75,Technology,United States of America
54,Manufacturing,China
75,Manufacturing,China
45,Media & Entertainment,Sweden
75,Real Estate,United States of America
79,Energy,United Kingdom
86,Real Estate,Hong Kong
53,Food & Beverage,China
57,Food & Beverage,China
73,Telecom,Russia
61,Diversified,China
54,Manufacturing,China
59,Manufacturing,United States of America
47,Technology,China
86,Manufacturing,China
57,Food & Beverage,China
71,Technology,China
59,Telecom,China
65,Fashion & Retail,China
49,Technology,China
48,Manufacturing,China
70,Manufacturing,United States of America
82,Finance & Investments,United States of America
70,Metals & Mining,Russia
69,Healthcare,Israel
93,Diversified,Turkey
55,Finance & Investments,United States of America
65,Finance & Investments,United States of America
65,Diversified,India
69,Healthcare,India
52,Food & Beverage,India
55,Manufacturing,China
37,Technology,China
63,Construction & Engineering,United States of America
48,Finance & Investments,Brazil
58,Technology,China
66,Finance & Investments,United States of America
48,Metals & Mining,Switzerland
55,Manufacturing,China
68,Fashion & Retail,France
75,Food & Beverage,Singapore
54,Diversified,Philippines
49,Real Estate,Russia
77,Finance & Investments,United States of America
72,Finance & Investments,United States of America
66,Technology,United States of America
75,Healthcare,Germany
63,Manufacturing,Finland
67,Real Estate,Singapore
31,Healthcare,China
69,Technology,Taiwan
39,Technology,United States of America
60,Manufacturing,India
67,Healthcare,China
50,Automotive,India
76,Finance & Investments,United States of America
68,Healthcare,United States of America
72,Food & Beverage,United States of America
81,Energy,United States of America
81,Technology,Japan
72,Healthcare,India
73,Healthcare,United States of America
66,Sports,United States of America
49,Technology,China
72,Food & Beverage,China
52,Manufacturing,China
58,Manufacturing,China
70,Fashion & Retail,China
65,Real Estate,China
57,Manufacturing,China
64,Manufacturing,Malaysia
49,Construction & Engineering,China
59,Manufacturing,Hong Kong
73,Real Estate,Hong Kong
78,Food & Beverage,Canada
76,Manufacturing,United States of America
58,Logistics,China
57,Healthcare,China
62,Food & Beverage,United States of America
84,Finance & Investments,United States of America
72,Food & Beverage,United States of America
70,Food & Beverage,United States of America
67,Food & Beverage,United States of America
79,Telecom,Canada
79,Gambling & Casinos,Japan
48,Real Estate,Spain
49,Healthcare,Brazil
51,Healthcare,Brazil
56,Food & Beverage,China
59,Healthcare,China
62,Media & Entertainment,United States of America
27,Automotive,United States of America
75,Energy,United States of America
52,Technology,United States of America
43,Food & Beverage,United States of America
66,Real Estate,United States of America
63,Diversified,Russia
57,Technology,United States of America
80,Finance & Investments,Canada
67,Food & Beverage,Thailand
48,Technology,United States of America
57,Healthcare,Japan
58,Energy,United Kingdom
43,Technology,United States of America
62,Service,United States of America
57,Technology,United States of America
63,Food & Beverage,Indonesia
51,Fashion & Retail,Malaysia
66,Telecom,Australia
73,Finance & Investments,United States of America
82,Finance & Investments,Romania
65,Food & Beverage,Germany
62,Automotive,Vietnam
59,Manufacturing,China
57,Manufacturing,China
66,Technology,United States of America
68,Food & Beverage,China
65,Food & Beverage,Taiwan
67,Food & Beverage,Taiwan
71,Sports,United States of America
74,Metals & Mining,Australia
58,Manufacturing,China
60,Manufacturing,China
61,Food & Beverage,China
62,Real Estate,China
36,Technology,United States of America
53,Manufacturing,China
61,Real Estate,China
61,Manufacturing,China
64,Real Estate,Singapore
82,Diversified,Finland
67,Diversified,Turkey
75,Healthcare,India
39,Technology,Denmark
63,Automotive,Israel
54,Real Estate,Israel
56,Real Estate,Canada
61,Real Estate,Canada
56,Real Estate,Netherlands
45,Healthcare,Germany
35,Healthcare,Germany
97,Diversified,Peru
54,Energy,Russia
84,Fashion & Retail,Italy
44,Finance & Investments,Uruguay
64,Diversified,Turkey
81,Food & Beverage,Italy
44,Food & Beverage,Italy
63,Technology,United States of America
60,Technology,United States of America
66,Diversified,Nepal
60,Healthcare,China
62,Food & Beverage,China
53,Fashion & Retail,South Korea
49,Technology,United States of America
75,Real Estate,Argentina
53,Food & Beverage,China
69,Technology,United States of America
46,Diversified,Tanzania
59,Media & Entertainment,Germany
63,Fashion & Retail,Italy
52,Finance & Investments,Czechia
,Automotive,Germany
26,Finance & Investments,United States of America
48,Finance & Investments,United States of America
72,Diversified,Turkey
67,Diversified,Turkey
64,Finance & Investments,United Kingdom
62,Manufacturing,Turkey
89,Diversified,Argentina
96,Manufacturing,United States of America
90,Construction & Engineering,France
62,Manufacturing,Brazil
65,Manufacturing,Brazil
52,Manufacturing,Brazil
57,Healthcare,China
58,Finance & Investments,Uruguay
25,Finance & Investments,United States of America
59,Fashion & Retail,Italy
53,Healthcare,China
59,Real Estate,China
93,Media & Entertainment,United States of America
55,Manufacturing,India
86,Fashion & Retail,Switzerland
57,Manufacturing,China
79,Service,Switzerland
53,Finance & Investments,United States of America
58,Finance & Investments,China
71,Energy,United States of America
57,Manufacturing,Finland
72,Real Estate,India
39,Technology,United States of America
70,Real Estate,China
44,Finance & Investments,United States of America
60,Media & Entertainment,New Zealand
56,Healthcare,China
55,Manufacturing,China
61,Finance & Investments,Sweden
54,Finance & Investments,United States of America
61,Diversified,China
67,Healthcare,China
94,Fashion & Retail,United States of America
64,Finance & Investments,United States of America
91,Diversified,Turkey
72,Manufacturing,Austria
54,Real Estate,China
75,Finance & Investments,India
69,Technology,Czechia
36,Real Estate,Hong Kong
41,Real Estate,Hong Kong
66,Sports,United States of America
52,Logistics,China
77,Gambling & Casinos,Spain
57,Technology,South Korea
68,Service,Monaco
58,Manufacturing,China
51,Telecom,China
71,Fashion & Retail,India
76,Diversified,Egypt
81,Technology,China
81,Manufacturing,United Kingdom
73,Manufacturing,China
84,Healthcare,United States of America
47,Finance & Investments,United States of America
76,Energy,Italy
77,Service,Bahrain
76,Finance & Investments,Monaco
73,Food & Beverage,Japan
47,Technology,United States of America
48,Finance & Investments,Thailand
55,Fashion & Retail,Romania
34,Finance & Investments,United States of America
47,Fashion & Retail,Sweden
42,Media & Entertainment,Sweden
37,Fashion & Retail,Sweden
49,Fashion & Retail,United States of America
57,Finance & Investments,Germany
62,Finance & Investments,Germany
73,Energy,United States of America
56,Manufacturing,China
71,Logistics,India
54,Food & Beverage,United States of America
74,Fashion & Retail,Spain
51,Finance & Investments,United Kingdom
93,Finance & Investments,United States of America
79,Fashion & Retail,United Kingdom
61,Automotive,Israel
54,Food & Beverage,Switzerland
53,Metals & Mining,Russia
45,Fashion & Retail,Sweden
72,Energy,Indonesia
64,Finance & Investments,United States of America
38,Technology,United States of America
39,Food & Beverage,China
56,Media & Entertainment,Indonesia
68,Diversified,United States of America
94,Finance & Investments,United States of America
74,Telecom,United States of America
56,Finance & Investments,Hong Kong
53,Service,China
25,Metals & Mining,China
82,Fashion & Retail,Cayman Islands
52,Telecom,China
46,Technology,China
77,Service,China
71,Telecom,China
50,Real Estate,China
59,Manufacturing,China
50,Fashion & Retail,China
65,Manufacturing,China
56,Fashion & Retail,China
77,Fashion & Retail,India
70,Construction & Engineering,Malaysia
60,Manufacturing,Italy
68,Diversified,Chile
40,Technology,United States of America
59,Construction & Engineering,United Kingdom
48,Fashion & Retail,Italy
71,Fashion & Retail,Germany
60,Technology,Indonesia
49,Technology,United States of America
75,Real Estate,Taiwan
48,Technology,United States of America
54,Technology,China
64,Food & Beverage,Hong Kong
63,Automotive,Taiwan
68,Sports,United States of America
54,Technology,United States of America
55,Technology,United States of America
60,Technology,United States of America
81,Service,United States of America
68,Fashion & Retail,Italy
71,Manufacturing,China
51,Fashion & Retail,China
62,Real Estate,Monaco
57,Manufacturing,China
73,Fashion & Retail,India
68,Fashion & Retail,India
60,Healthcare,China
55,Manufacturing,China
77,Finance & Investments,United States of America
76,Finance & Investments,Brazil
76,Fashion & Retail,India
56,Service,United States of America
43,Construction & Engineering,France
64,Fashion & Retail,United Kingdom
80,Fashion & Retail,United States of America
32,Finance & Investments,United States of America
57,Fashion & Retail,China
60,Technology,China
52,Media & Entertainment,United States of America
71,Automotive,China
55,Fashion & Retail,Norway
66,Healthcare,India
63,Finance & Investments,United States of America
49,Healthcare,Russia
77,Diversified,South Korea
61,Construction & Engineering,South Korea
73,Manufacturing,India
74,Fashion & Retail,Germany
58,Fashion & Retail,Turkey
41,Finance & Investments,Switzerland
59,Fashion & Retail,United States of America
72,Diversified,United States of America
58,Healthcare,China
58,Manufacturing,China
89,Technology,Taiwan
51,Manufacturing,Sweden
69,Metals & Mining,Russia
67,Manufacturing,United States of America
68,Media & Entertainment,United States of America
59,Manufacturing,China
59,Fashion & Retail,Brazil
54,Food & Beverage,Russia
78,Logistics,United States of America
66,Finance & Investments,India
69,Finance & Investments,India
71,Finance & Investments,India
61,Finance & Investments,India
56,Technology,Israel
43,Real Estate,United States of America
54,Technology,United Kingdom
73,Diversified,United Kingdom
49,Service,India
68,Diversified,Italy
56,Technology,United States of America
42,Healthcare,Russia
49,Finance & Investments,United States of America
78,Real Estate,India
60,Healthcare,Brazil
84,Real Estate,United States of America
70,Manufacturing,India
52,Food & Beverage,Singapore
39,Media & Entertainment,United States of America
47,Technology,United States of America
48,Technology,China
43,Automotive,United Kingdom
78,Manufacturing,Thailand
74,Finance & Investments,Italy
67,Real Estate,China
70,Fashion & Retail,Brazil
76,Real Estate,Australia
89,Energy,Greece
51,Gambling & Casinos,Sweden
68,Technology,China
83,Manufacturing,Switzerland
46,Technology,China
66,Food & Beverage,Israel
67,Manufacturing,China
76,Finance & Investments,Taiwan
73,Diversified,China
59,Manufacturing,China
42,Technology,China
48,Food & Beverage,China
59,Technology,China
52,Manufacturing,China
62,Healthcare,United States of America
64,Finance & Investments,Russia
56,Manufacturing,Hong Kong
51,Gambling & Casinos,Sweden
79,Finance & Investments,Spain
25,Diversified,Norway
26,Diversified,Norway
54,Real Estate,Sweden
71,Real Estate,Thailand
65,Healthcare,Turkey
39,Technology,Singapore
40,Fashion & Retail,India
52,Fashion & Retail,Italy
89,Finance & Investments,Morocco
78,Metals & Mining,Australia
57,Diversified,Switzerland
43,Healthcare,Germany
74,Finance & Investments,France
39,Technology,United States of America
39,Technology,China
77,Real Estate,Malaysia
58,Manufacturing,China
54,Energy,China
53,Healthcare,China
59,Manufacturing,China
73,Real Estate,Singapore
76,Finance & Investments,Spain
69,Diversified,Hungary
82,Finance & Investments,Brazil
59,Technology,India
70,Media & Entertainment,United Kingdom
86,Finance & Investments,Israel
64,Diversified,Brazil
69,Diversified,Brazil
64,Service,Israel
86,Real Estate,United States of America
41,Media & Entertainment,United States of America
73,Fashion & Retail,Canada
58,Technology,Brazil
48,Media & Entertainment,Japan
44,Construction & Engineering,Italy
75,Healthcare,India
64,Energy,Russia
54,Manufacturing,China
78,Finance & Investments,Mexico
52,Finance & Investments,Slovakia
56,Food & Beverage,China
69,Diversified,United States of America
81,Food & Beverage,France
63,Manufacturing,China
62,Real Estate,China
55,Real Estate,Russia
71,Service,United States of America
63,Manufacturing,China
56,Healthcare,India
64,Technology,United Kingdom
49,Food & Beverage,South Korea
65,Metals & Mining,Malaysia
70,Finance & Investments,Russia
68,Technology,United States of America
68,Real Estate,Hong Kong
76,Healthcare,Finland
59,Diversified,South Korea
96,Fashion & Retail,United Kingdom
60,Diversified,China
44,Finance & Investments,China
42,Healthcare,China
46,Healthcare,China
48,Healthcare,China
59,Energy,Hong Kong
71,Diversified,China
58,Technology,China
53,Technology,China
67,Technology,United States of America
54,Healthcare,China
57,Logistics,United Kingdom
67,Diversified,Brazil
81,Real Estate,Japan
77,Real Estate,India
66,Finance & Investments,United States of America
49,Real Estate,Russia
58,Metals & Mining,Ukraine
69,Manufacturing,India
63,Technology,United States of America
51,Food & Beverage,China
89,Healthcare,United States of America
39,Technology,India
64,Construction & Engineering,India
52,Construction & Engineering,India
54,Healthcare,India
84,Finance & Investments,Switzerland
40,Fashion & Retail,United States of America
76,Diversified,Turkey
61,Finance & Investments,United Kingdom
80,Gambling & Casinos,Japan
65,Technology,United States of America
41,Media & Entertainment,United States of America
69,Diversified,Russia
96,Fashion & Retail,Japan
63,Fashion & Retail,Singapore
42,Automotive,Germany
39,Automotive,Germany
78,Real Estate,Australia
50,Construction & Engineering,Italy
50,Construction & Engineering,Italy
72,Manufacturing,Australia
68,Energy,Russia
60,Technology,United States of America
69,Food & Beverage,Philippines
82,Logistics,Hong Kong
78,Manufacturing,Andorra
66,Healthcare,United States of America
80,Media & Entertainment,Netherlands
50,Technology,India
62,Fashion & Retail,Italy
81,Food & Beverage,China
34,Diversified,China
59,Technology,China
56,Manufacturing,China
59,Food & Beverage,China
79,Finance & Investments,United States of America
65,Energy,United States of America
70,Energy,United States of America
58,Manufacturing,China
57,Food & Beverage,China
37,Technology,United States of America
52,Food & Beverage,China
41,Real Estate,United States of America
59,Diversified,China
53,Manufacturing,China
70,Real Estate,China
51,Service,China
50,Healthcare,China
48,Metals & Mining,Ukraine
64,Technology,China
62,Construction & Engineering,China
51,Finance & Investments,India
62,Finance & Investments,Qatar
67,Food & Beverage,Philippines
43,Finance & Investments,United Kingdom
55,Energy,Finland
59,Metals & Mining,Switzerland
54,Media & Entertainment,Mexico
85,Finance & Investments,United States of America
55,Manufacturing,Russia
55,Real Estate,Switzerland
70,Manufacturing,India
32,Healthcare,Germany
38,Healthcare,Germany
79,Food & Beverage,India
63,Manufacturing,China
54,Manufacturing,China
57,Food & Beverage,China
83,Fashion & Retail,United States of America
82,Food & Beverage,Italy
63,Finance & Investments,United States of America
54,Energy,China
55,Telecom,Russia
68,Fashion & Retail,United States of America
65,Fashion & Retail,United States of America
64,Finance & Investments,United States of America
65,Fashion & Retail,Germany
65,Technology,China
48,Metals & Mining,Israel
56,Finance & Investments,United States of America
67,Real Estate,United States of America
62,Finance & Investments,United States of America
78,Finance & Investments,Sweden
41,Construction & Engineering,United Kingdom
74,Fashion & Retail,United States of America
65,Manufacturing,China
72,Finance & Investments,Australia
35,Manufacturing,Finland
45,Technology,China
52,Healthcare,China
55,Real Estate,China
65,Technology,China
70,Real Estate,China
54,Food & Beverage,China
75,Telecom,United Kingdom
67,Finance & Investments,Germany
73,Manufacturing,India
56,Technology,Singapore
59,Diversified,Poland
70,Finance & Investments,Thailand
65,Food & Beverage,Taiwan
37,Diversified,Turkey
57,Sports,Switzerland
61,Energy,Russia
53,Media & Entertainment,United States of America
55,Finance & Investments,Indonesia
72,Food & Beverage,Indonesia
66,Diversified,Singapore
41,Finance & Investments,United Kingdom
62,Media & Entertainment,Canada
60,Manufacturing,South Korea
40,Technology,South Korea
54,Automotive,China
44,Technology,China
44,Media & Entertainment,China
60,Telecom,China
62,Finance & Investments,Germany
50,Technology,United States of America
66,Diversified,Brazil
56,Diversified,Hungary
81,Automotive,
50,Media & Entertainment,South Korea
86,Manufacturing,United States of America
48,Construction & Engineering,Mexico
65,Automotive,Austria
81,Diversified,Indonesia
69,Finance & Investments,United States of America
40,Technology,United States of America
76,Finance & Investments,Russia
58,Finance & Investments,Russia
54,Technology,India
75,Service,Spain
65,Food & Beverage,United States of America
76,Food & Beverage,Japan
69,Healthcare,United States of America
60,Energy,Russia
57,Energy,Russia
43,Service,India
69,Healthcare,India
52,Real Estate,China
81,Finance & Investments,United States of America
59,Service,Norway
76,Manufacturing,Indonesia
52,Fashion & Retail,China
60,Manufacturing,Belgium
87,Diversified,Philippines
45,Technology,Japan
29,Technology,United States of America
77,Real Estate,Australia
76,Real Estate,Indonesia
71,Diversified,United States of America
73,Diversified,United States of America
57,Healthcare,Italy
53,Telecom,Philippines
74,Manufacturing,Netherlands
64,Real Estate,Thailand
52,Automotive,China
57,Logistics,China
53,Healthcare,China
52,Manufacturing,China
56,Healthcare,China
86,Diversified,United States of America
60,Healthcare,China
80,Fashion & Retail,Germany
66,Manufacturing,Taiwan
81,Manufacturing,Taiwan
60,Manufacturing,China
67,Healthcare,China
80,Manufacturing,
50,Media & Entertainment,China
39,Metals & Mining,China
54,Telecom,China
56,Telecom,China
52,Automotive,United States of America
69,Diversified,Brazil
75,Fashion & Retail,Japan
51,Fashion & Retail,United States of America
67,Finance & Investments,United States of America
60,Diversified,Ukraine
48,Finance & Investments,Sweden
59,Manufacturing,China
66,Diversified,Turkey
53,Healthcare,China
31,Healthcare,Brazil
85,Media & Entertainment,Turkey
56,Real Estate,Germany
87,Service,Spain
71,Finance & Investments,United States of America
29,Technology,United States of America
78,Fashion & Retail,United States of America
81,Manufacturing,United States of America
76,Service,New Zealand
86,Healthcare,Spain
59,Finance & Investments,United States of America
52,Food & Beverage,China
55,Service,Monaco
81,Healthcare,India
50,Manufacturing,Canada
44,Technology,Denmark
58,Metals & Mining,Peru
69,Fashion & Retail,South Korea
54,Technology,China
95,Healthcare,India
48,Technology,China
52,Technology,China
56,Finance & Investments,United Kingdom
52,Finance & Investments,United Kingdom
58,Finance & Investments,Belgium
40,Media & Entertainment,United States of America
56,Construction & Engineering,Russia
54,Technology,United States of America
56,Manufacturing,China
47,Fashion & Retail,South Korea
67,Finance & Investments,Sweden
47,Manufacturing,Germany
58,Real Estate,Singapore
50,Manufacturing,Russia
55,Manufacturing,Russia
73,Manufacturing,South Korea
63,Technology,South Korea
85,Automotive,India
61,Finance & Investments,United States of America
86,Finance & Investments,United States of America
60,Finance & Investments,United States of America
65,Manufacturing,China
57,Healthcare,China
59,Healthcare,China
93,Energy,Indonesia
53,Healthcare,China
59,Manufacturing,China
58,Healthcare,China
54,Real Estate,Hong Kong
72,Manufacturing,China
51,Manufacturing,China
60,Diversified,Egypt
59,Construction & Engineering,United States of America
55,Manufacturing,Germany
65,Technology,United States of America
45,Technology,Japan
62,Technology,United States of America
79,Finance & Investments,Norway
72,Finance & Investments,Australia
54,Healthcare,China
63,Finance & Investments,South Korea
81,Real Estate,Brazil
71,Finance & Investments,Canada
59,Healthcare,China
47,Technology,China
50,Manufacturing,Canada
49,Manufacturing,Russia
75,Real Estate,Canada
83,Fashion & Retail,Switzerland
46,Technology,Netherlands
68,Diversified,India
60,Manufacturing,India
66,Energy,United States of America
72,Technology,United States of America
79,Technology,India
66,Finance & Investments,United Kingdom
69,Automotive,India
53,Media & Entertainment,Germany
66,Media & Entertainment,Indonesia
58,Manufacturing,China
63,Construction & Engineering,Turkey
81,Real Estate,United States of America
72,Diversified,Malaysia
53,Manufacturing,India
74,Telecom,Turkey
88,Healthcare,Thailand
65,Manufacturing,China
36,Manufacturing,Brazil
72,Manufacturing,Hong Kong
52,Manufacturing,China
51,Fashion & Retail,China
52,Food & Beverage,China
34,Manufacturing,
57,Manufacturing,China
48,Healthcare,China
52,Technology,China
71,Real Estate,China
38,Finance & Investments,United Kingdom
62,Healthcare,China
81,Fashion & Retail,Japan
50,Healthcare,China
65,Energy,Russia
54,Manufacturing,China
57,Healthcare,China
54,Energy,China
58,Healthcare,China
61,Manufacturing,India
82,Finance & Investments,United States of America
42,Healthcare,Germany
39,Healthcare,Germany
79,Food & Beverage,France
72,Technology,Taiwan
63,Real Estate,Hong Kong
57,Technology,South Korea
64,Finance & Investments,Hong Kong
69,Manufacturing,Hong Kong
41,Technology,Australia
66,Technology,United States of America
67,Healthcare,Switzerland
82,Food & Beverage,United States of America
84,Fashion & Retail,Turkey
58,Telecom,United Kingdom
69,Finance & Investments,United States of America
51,Healthcare,China
80,Healthcare,Spain
82,Fashion & Retail,Philippines
71,Fashion & Retail,Philippines
68,Fashion & Retail,India
69,Food & Beverage,Germany
55,Manufacturing,China
62,Service,Monaco
55,Manufacturing,China
57,Manufacturing,China
54,Manufacturing,China
75,Automotive,Japan
70,Manufacturing,Denmark
55,Manufacturing,United States of America
92,Technology,Israel
52,Finance & Investments,Brazil
56,Technology,Russia
59,Healthcare,China
55,Healthcare,China
78,Sports,United States of America
59,Diversified,Ukraine
44,Technology,United States of America
60,Metals & Mining,China
68,Fashion & Retail,China
45,Technology,China
60,Media & Entertainment,Germany
88,Fashion & Retail,United States of America
49,Finance & Investments,United States of America
85,Diversified,Philippines
53,Fashion & Retail,Romania
52,Media & Entertainment,United States of America
53,Technology,Australia
61,Healthcare,India
58,Healthcare,China
66,Real Estate,India
73,Food & Beverage,Bermuda
47,Finance & Investments,United States of America
58,Media & Entertainment,United States of America
78,Telecom,China
57,Manufacturing,Spain
65,Construction & Engineering,Russia
68,Real Estate,China
69,Media & Entertainment,Australia
48,Technology,Germany
55,Real Estate,United States of America
77,Construction & Engineering,India
67,Technology,United States of America
77,Finance & Investments,India
57,Energy,United States of America
51,Technology,United States of America
67,Finance & Investments,United States of America
71,Real Estate,United States of America
78,Finance & Investments,United States of America
76,Healthcare,India
55,Manufacturing,China
47,Technology,Japan
55,Telecom,Philippines
70,Manufacturing,Germany
69,Technology,Japan
50,Service,China
51,Manufacturing,China
44,Technology,Japan
47,Technology,China
82,Manufacturing,Singapore
53,Fashion & Retail,China
67,Technology,China
79,Food & Beverage,United States of America
57,Construction & Engineering,China
66,Manufacturing,China
59,Technology,China
57,Manufacturing,China
43,Energy,China
59,Manufacturing,China
